Domain,Area,Element,Item,Year,Unit,Value
Pesticides Use,Andhra Pradesh,Agricultural Use,Pesticides (total),1990,tonnes,121
Pesticides Use,Andhra Pradesh,Agricultural Use,Pesticides (total),1991,tonnes,121
Pesticides Use,Andhra Pradesh,Agricultural Use,Pesticides (total),1992,tonnes,121
Pesticides Use,Andhra Pradesh,Agricultural Use,Pesticides (total),1993,tonnes,121
Pesticides Use,Andhra Pradesh,Agricultural Use,Pesticides (total),1994,tonnes,201
Pesticides Use,Andhra Pradesh,Agricultural Use,Pesticides (total),1995,tonnes,251
Pesticides Use,Andhra Pradesh,Agricultural Use,Pesticides (total),1996,tonnes,262
Pesticides Use,Andhra Pradesh,Agricultural Use,Pesticides (total),1997,tonnes,274
Pesticides Use,Andhra Pradesh,Agricultural Use,Pesticides (total),1998,tonnes,285
Pesticides Use,Andhra Pradesh,Agricultural Use,Pesticides (total),1999,tonnes,297
Pesticides Use,Andhra Pradesh,Agricultural Use,Pesticides (total),2000,tonnes,308
Pesticides Use,Andhra Pradesh,Agricultural Use,Pesticides (total),2001,tonnes,319
Pesticides Use,Andhra Pradesh,Agricultural Use,Pesticides (total),2002,tonnes,331
Pesticides Use,Andhra Pradesh,Agricultural Use,Pesticides (total),2003,tonnes,342
Pesticides Use,Andhra Pradesh,Agricultural Use,Pesticides (total),2004,tonnes,354
Pesticides Use,Andhra Pradesh,Agricultural Use,Pesticides (total),2005,tonnes,365
Pesticides Use,Andhra Pradesh,Agricultural Use,Pesticides (total),2006,tonnes,376
Pesticides Use,Andhra Pradesh,Agricultural Use,Pesticides (total),2007,tonnes,388
Pesticides Use,Andhra Pradesh,Agricultural Use,Pesticides (total),2008,tonnes,399
Pesticides Use,Andhra Pradesh,Agricultural Use,Pesticides (total),2009,tonnes,411
Pesticides Use,Andhra Pradesh,Agricultural Use,Pesticides (total),2010,tonnes,590
Pesticides Use,Andhra Pradesh,Agricultural Use,Pesticides (total),2011,tonnes,583
Pesticides Use,Andhra Pradesh,Agricultural Use,Pesticides (total),2012,tonnes,362
Pesticides Use,Andhra Pradesh,Agricultural Use,Pesticides (total),2013,tonnes,451
Pesticides Use,Andhra Pradesh,Agricultural Use,Pesticides (total),2014,tonnes,457
Pesticides Use,Andhra Pradesh,Agricultural Use,Pesticides (total),2015,tonnes,538
Pesticides Use,Andhra Pradesh,Agricultural Use,Pesticides (total),2016,tonnes,584
Pesticides Use,Andhra Pradesh,Agricultural Use,Pesticides (total),2017,tonnes,615
Pesticides Use,Andhra Pradesh,Agricultural Use,Pesticides (total),2018,tonnes,442
Pesticides Use,Arunachal Pradesh,Agricultural Use,Pesticides (total),1990,tonnes,5743
Pesticides Use,Arunachal Pradesh,Agricultural Use,Pesticides (total),1991,tonnes,7094
Pesticides Use,Arunachal Pradesh,Agricultural Use,Pesticides (total),1992,tonnes,3876
Pesticides Use,Arunachal Pradesh,Agricultural Use,Pesticides (total),1993,tonnes,3710
Pesticides Use,Arunachal Pradesh,Agricultural Use,Pesticides (total),1994,tonnes,4059
Pesticides Use,Arunachal Pradesh,Agricultural Use,Pesticides (total),1995,tonnes,6256
Pesticides Use,Arunachal Pradesh,Agricultural Use,Pesticides (total),1996,tonnes,2191
Pesticides Use,Arunachal Pradesh,Agricultural Use,Pesticides (total),1997,tonnes,1822
Pesticides Use,Arunachal Pradesh,Agricultural Use,Pesticides (total),1998,tonnes,1499
Pesticides Use,Arunachal Pradesh,Agricultural Use,Pesticides (total),1999,tonnes,2228
Pesticides Use,Arunachal Pradesh,Agricultural Use,Pesticides (total),2000,tonnes,2537
Pesticides Use,Arunachal Pradesh,Agricultural Use,Pesticides (total),2001,tonnes,2847
Pesticides Use,Arunachal Pradesh,Agricultural Use,Pesticides (total),2002,tonnes,3156
Pesticides Use,Arunachal Pradesh,Agricultural Use,Pesticides (total),2003,tonnes,3465
Pesticides Use,Arunachal Pradesh,Agricultural Use,Pesticides (total),2004,tonnes,3774
Pesticides Use,Arunachal Pradesh,Agricultural Use,Pesticides (total),2005,tonnes,2811
Pesticides Use,Arunachal Pradesh,Agricultural Use,Pesticides (total),2006,tonnes,2504
Pesticides Use,Arunachal Pradesh,Agricultural Use,Pesticides (total),2007,tonnes,3563
Pesticides Use,Arunachal Pradesh,Agricultural Use,Pesticides (total),2008,tonnes,5720
Pesticides Use,Arunachal Pradesh,Agricultural Use,Pesticides (total),2009,tonnes,3168
Pesticides Use,Arunachal Pradesh,Agricultural Use,Pesticides (total),2010,tonnes,1870
Pesticides Use,Arunachal Pradesh,Agricultural Use,Pesticides (total),2011,tonnes,7612
Pesticides Use,Arunachal Pradesh,Agricultural Use,Pesticides (total),2012,tonnes,8980
Pesticides Use,Arunachal Pradesh,Agricultural Use,Pesticides (total),2013,tonnes,8270
Pesticides Use,Arunachal Pradesh,Agricultural Use,Pesticides (total),2014,tonnes,7152
Pesticides Use,Arunachal Pradesh,Agricultural Use,Pesticides (total),2015,tonnes,4517
Pesticides Use,Arunachal Pradesh,Agricultural Use,Pesticides (total),2016,tonnes,4153
Pesticides Use,Arunachal Pradesh,Agricultural Use,Pesticides (total),2017,tonnes,6067
Pesticides Use,Arunachal Pradesh,Agricultural Use,Pesticides (total),2018,tonnes,6067
Pesticides Use,Assam,Agricultural Use,Pesticides (total),1990,tonnes,64
Pesticides Use,Assam,Agricultural Use,Pesticides (total),1991,tonnes,79
Pesticides Use,Assam,Agricultural Use,Pesticides (total),1992,tonnes,23
Pesticides Use,Assam,Agricultural Use,Pesticides (total),1993,tonnes,169
Pesticides Use,Assam,Agricultural Use,Pesticides (total),1994,tonnes,26
Pesticides Use,Assam,Agricultural Use,Pesticides (total),1995,tonnes,336
Pesticides Use,Assam,Agricultural Use,Pesticides (total),1996,tonnes,40
Pesticides Use,Assam,Agricultural Use,Pesticides (total),1997,tonnes,40
Pesticides Use,Assam,Agricultural Use,Pesticides (total),1998,tonnes,40
Pesticides Use,Assam,Agricultural Use,Pesticides (total),1999,tonnes,40
Pesticides Use,Assam,Agricultural Use,Pesticides (total),2000,tonnes,40
Pesticides Use,Assam,Agricultural Use,Pesticides (total),2001,tonnes,40
Pesticides Use,Assam,Agricultural Use,Pesticides (total),2002,tonnes,40
Pesticides Use,Assam,Agricultural Use,Pesticides (total),2003,tonnes,40
Pesticides Use,Assam,Agricultural Use,Pesticides (total),2004,tonnes,40
Pesticides Use,Assam,Agricultural Use,Pesticides (total),2005,tonnes,40
Pesticides Use,Assam,Agricultural Use,Pesticides (total),2006,tonnes,40
Pesticides Use,Assam,Agricultural Use,Pesticides (total),2007,tonnes,40
Pesticides Use,Assam,Agricultural Use,Pesticides (total),2008,tonnes,40
Pesticides Use,Assam,Agricultural Use,Pesticides (total),2009,tonnes,40
Pesticides Use,Assam,Agricultural Use,Pesticides (total),2010,tonnes,40
Pesticides Use,Assam,Agricultural Use,Pesticides (total),2011,tonnes,40
Pesticides Use,Assam,Agricultural Use,Pesticides (total),2012,tonnes,40
Pesticides Use,Assam,Agricultural Use,Pesticides (total),2013,tonnes,40
Pesticides Use,Assam,Agricultural Use,Pesticides (total),2014,tonnes,40
Pesticides Use,Assam,Agricultural Use,Pesticides (total),2015,tonnes,40
Pesticides Use,Assam,Agricultural Use,Pesticides (total),2016,tonnes,40
Pesticides Use,Assam,Agricultural Use,Pesticides (total),2017,tonnes,40
Pesticides Use,Assam,Agricultural Use,Pesticides (total),2018,tonnes,40
Pesticides Use,Bihar,Agricultural Use,Pesticides (total),1990,tonnes,8
Pesticides Use,Bihar,Agricultural Use,Pesticides (total),1991,tonnes,8
Pesticides Use,Bihar,Agricultural Use,Pesticides (total),1992,tonnes,8
Pesticides Use,Bihar,Agricultural Use,Pesticides (total),1993,tonnes,8
Pesticides Use,Bihar,Agricultural Use,Pesticides (total),1994,tonnes,8
Pesticides Use,Bihar,Agricultural Use,Pesticides (total),1995,tonnes,8
Pesticides Use,Bihar,Agricultural Use,Pesticides (total),1996,tonnes,8
Pesticides Use,Bihar,Agricultural Use,Pesticides (total),1997,tonnes,8
Pesticides Use,Bihar,Agricultural Use,Pesticides (total),1998,tonnes,8
Pesticides Use,Bihar,Agricultural Use,Pesticides (total),1999,tonnes,8
Pesticides Use,Bihar,Agricultural Use,Pesticides (total),2000,tonnes,8
Pesticides Use,Bihar,Agricultural Use,Pesticides (total),2001,tonnes,8
Pesticides Use,Bihar,Agricultural Use,Pesticides (total),2002,tonnes,8
Pesticides Use,Bihar,Agricultural Use,Pesticides (total),2003,tonnes,8
Pesticides Use,Bihar,Agricultural Use,Pesticides (total),2004,tonnes,8
Pesticides Use,Bihar,Agricultural Use,Pesticides (total),2005,tonnes,8
Pesticides Use,Bihar,Agricultural Use,Pesticides (total),2006,tonnes,8
Pesticides Use,Bihar,Agricultural Use,Pesticides (total),2007,tonnes,8
Pesticides Use,Bihar,Agricultural Use,Pesticides (total),2008,tonnes,8
Pesticides Use,Bihar,Agricultural Use,Pesticides (total),2009,tonnes,8
Pesticides Use,Bihar,Agricultural Use,Pesticides (total),2010,tonnes,8
Pesticides Use,Bihar,Agricultural Use,Pesticides (total),2011,tonnes,39
Pesticides Use,Bihar,Agricultural Use,Pesticides (total),2012,tonnes,32
Pesticides Use,Bihar,Agricultural Use,Pesticides (total),2013,tonnes,28
Pesticides Use,Bihar,Agricultural Use,Pesticides (total),2014,tonnes,27
Pesticides Use,Bihar,Agricultural Use,Pesticides (total),2015,tonnes,27
Pesticides Use,Bihar,Agricultural Use,Pesticides (total),2016,tonnes,27
Pesticides Use,Bihar,Agricultural Use,Pesticides (total),2017,tonnes,27
Pesticides Use,Bihar,Agricultural Use,Pesticides (total),2018,tonnes,27
Pesticides Use,Chhattisgarh,Agricultural Use,Pesticides (total),1990,tonnes,26156
Pesticides Use,Chhattisgarh,Agricultural Use,Pesticides (total),1991,tonnes,26156
Pesticides Use,Chhattisgarh,Agricultural Use,Pesticides (total),1992,tonnes,26156
Pesticides Use,Chhattisgarh,Agricultural Use,Pesticides (total),1993,tonnes,26156
Pesticides Use,Chhattisgarh,Agricultural Use,Pesticides (total),1994,tonnes,30195
Pesticides Use,Chhattisgarh,Agricultural Use,Pesticides (total),1995,tonnes,37842
Pesticides Use,Chhattisgarh,Agricultural Use,Pesticides (total),1996,tonnes,54595
Pesticides Use,Chhattisgarh,Agricultural Use,Pesticides (total),1997,tonnes,77691
Pesticides Use,Chhattisgarh,Agricultural Use,Pesticides (total),1998,tonnes,62397
Pesticides Use,Chhattisgarh,Agricultural Use,Pesticides (total),1999,tonnes,73293
Pesticides Use,Chhattisgarh,Agricultural Use,Pesticides (total),2000,tonnes,84189
Pesticides Use,Chhattisgarh,Agricultural Use,Pesticides (total),2001,tonnes,95085
Pesticides Use,Chhattisgarh,Agricultural Use,Pesticides (total),2002,tonnes,105981
Pesticides Use,Chhattisgarh,Agricultural Use,Pesticides (total),2003,tonnes,116877
Pesticides Use,Chhattisgarh,Agricultural Use,Pesticides (total),2004,tonnes,127773
Pesticides Use,Chhattisgarh,Agricultural Use,Pesticides (total),2005,tonnes,138669
Pesticides Use,Chhattisgarh,Agricultural Use,Pesticides (total),2006,tonnes,149565
Pesticides Use,Chhattisgarh,Agricultural Use,Pesticides (total),2007,tonnes,186790
Pesticides Use,Chhattisgarh,Agricultural Use,Pesticides (total),2008,tonnes,203369
Pesticides Use,Chhattisgarh,Agricultural Use,Pesticides (total),2009,tonnes,140095
Pesticides Use,Chhattisgarh,Agricultural Use,Pesticides (total),2010,tonnes,235739
Pesticides Use,Chhattisgarh,Agricultural Use,Pesticides (total),2011,tonnes,220610
Pesticides Use,Chhattisgarh,Agricultural Use,Pesticides (total),2012,tonnes,216309
Pesticides Use,Chhattisgarh,Agricultural Use,Pesticides (total),2013,tonnes,212007
Pesticides Use,Chhattisgarh,Agricultural Use,Pesticides (total),2014,tonnes,207706
Pesticides Use,Chhattisgarh,Agricultural Use,Pesticides (total),2015,tonnes,203807
Pesticides Use,Chhattisgarh,Agricultural Use,Pesticides (total),2016,tonnes,199908
Pesticides Use,Chhattisgarh,Agricultural Use,Pesticides (total),2017,tonnes,196009
Pesticides Use,Chhattisgarh,Agricultural Use,Pesticides (total),2018,tonnes,172928
Pesticides Use,Goa,Agricultural Use,Pesticides (total),1992,tonnes,8
Pesticides Use,Goa,Agricultural Use,Pesticides (total),1993,tonnes,8
Pesticides Use,Goa,Agricultural Use,Pesticides (total),1994,tonnes,23
Pesticides Use,Goa,Agricultural Use,Pesticides (total),1995,tonnes,24
Pesticides Use,Goa,Agricultural Use,Pesticides (total),1996,tonnes,32
Pesticides Use,Goa,Agricultural Use,Pesticides (total),1997,tonnes,41
Pesticides Use,Goa,Agricultural Use,Pesticides (total),1998,tonnes,51
Pesticides Use,Goa,Agricultural Use,Pesticides (total),1999,tonnes,60
Pesticides Use,Goa,Agricultural Use,Pesticides (total),2000,tonnes,70
Pesticides Use,Goa,Agricultural Use,Pesticides (total),2001,tonnes,79
Pesticides Use,Goa,Agricultural Use,Pesticides (total),2002,tonnes,89
Pesticides Use,Goa,Agricultural Use,Pesticides (total),2003,tonnes,98
Pesticides Use,Goa,Agricultural Use,Pesticides (total),2004,tonnes,205
Pesticides Use,Goa,Agricultural Use,Pesticides (total),2005,tonnes,221
Pesticides Use,Goa,Agricultural Use,Pesticides (total),2006,tonnes,228
Pesticides Use,Goa,Agricultural Use,Pesticides (total),2007,tonnes,242
Pesticides Use,Goa,Agricultural Use,Pesticides (total),2008,tonnes,218
Pesticides Use,Goa,Agricultural Use,Pesticides (total),2009,tonnes,198
Pesticides Use,Goa,Agricultural Use,Pesticides (total),2010,tonnes,279
Pesticides Use,Goa,Agricultural Use,Pesticides (total),2011,tonnes,317
Pesticides Use,Goa,Agricultural Use,Pesticides (total),2012,tonnes,354
Pesticides Use,Goa,Agricultural Use,Pesticides (total),2013,tonnes,392
Pesticides Use,Goa,Agricultural Use,Pesticides (total),2014,tonnes,430
Pesticides Use,Goa,Agricultural Use,Pesticides (total),2015,tonnes,468
Pesticides Use,Goa,Agricultural Use,Pesticides (total),2016,tonnes,505
Pesticides Use,Goa,Agricultural Use,Pesticides (total),2017,tonnes,543
Pesticides Use,Goa,Agricultural Use,Pesticides (total),2018,tonnes,581
Pesticides Use,Gujarat,Agricultural Use,Pesticides (total),1990,tonnes,17866
Pesticides Use,Gujarat,Agricultural Use,Pesticides (total),1991,tonnes,17866
Pesticides Use,Gujarat,Agricultural Use,Pesticides (total),1992,tonnes,22234
Pesticides Use,Gujarat,Agricultural Use,Pesticides (total),1993,tonnes,23899
Pesticides Use,Gujarat,Agricultural Use,Pesticides (total),1994,tonnes,21057
Pesticides Use,Gujarat,Agricultural Use,Pesticides (total),1995,tonnes,25598
Pesticides Use,Gujarat,Agricultural Use,Pesticides (total),1996,tonnes,31185
Pesticides Use,Gujarat,Agricultural Use,Pesticides (total),1997,tonnes,34091
Pesticides Use,Gujarat,Agricultural Use,Pesticides (total),1998,tonnes,37215
Pesticides Use,Gujarat,Agricultural Use,Pesticides (total),1999,tonnes,34200
Pesticides Use,Gujarat,Agricultural Use,Pesticides (total),2000,tonnes,33475
Pesticides Use,Gujarat,Agricultural Use,Pesticides (total),2001,tonnes,32710
Pesticides Use,Gujarat,Agricultural Use,Pesticides (total),2002,tonnes,26651
Pesticides Use,Gujarat,Agricultural Use,Pesticides (total),2003,tonnes,32418
Pesticides Use,Gujarat,Agricultural Use,Pesticides (total),2004,tonnes,36276
Pesticides Use,Gujarat,Agricultural Use,Pesticides (total),2005,tonnes,34310
Pesticides Use,Gujarat,Agricultural Use,Pesticides (total),2006,tonnes,35900
Pesticides Use,Gujarat,Agricultural Use,Pesticides (total),2007,tonnes,32446
Pesticides Use,Gujarat,Agricultural Use,Pesticides (total),2008,tonnes,42935
Pesticides Use,Gujarat,Agricultural Use,Pesticides (total),2009,tonnes,38066
Pesticides Use,Gujarat,Agricultural Use,Pesticides (total),2010,tonnes,42169
Pesticides Use,Gujarat,Agricultural Use,Pesticides (total),2011,tonnes,47633
Pesticides Use,Gujarat,Agricultural Use,Pesticides (total),2012,tonnes,48688
Pesticides Use,Gujarat,Agricultural Use,Pesticides (total),2013,tonnes,45177
Pesticides Use,Gujarat,Agricultural Use,Pesticides (total),2014,tonnes,49857
Pesticides Use,Gujarat,Agricultural Use,Pesticides (total),2015,tonnes,50922
Pesticides Use,Gujarat,Agricultural Use,Pesticides (total),2016,tonnes,63416
Pesticides Use,Gujarat,Agricultural Use,Pesticides (total),2017,tonnes,63416
Pesticides Use,Gujarat,Agricultural Use,Pesticides (total),2018,tonnes,63416
Pesticides Use,Haryana,Agricultural Use,Pesticides (total),1990,tonnes,4246
Pesticides Use,Haryana,Agricultural Use,Pesticides (total),1991,tonnes,4487
Pesticides Use,Haryana,Agricultural Use,Pesticides (total),1992,tonnes,3897
Pesticides Use,Haryana,Agricultural Use,Pesticides (total),1993,tonnes,3984
Pesticides Use,Haryana,Agricultural Use,Pesticides (total),1994,tonnes,3619
Pesticides Use,Haryana,Agricultural Use,Pesticides (total),1995,tonnes,3402
Pesticides Use,Haryana,Agricultural Use,Pesticides (total),1996,tonnes,3565
Pesticides Use,Haryana,Agricultural Use,Pesticides (total),1997,tonnes,3690
Pesticides Use,Haryana,Agricultural Use,Pesticides (total),1998,tonnes,3340
Pesticides Use,Haryana,Agricultural Use,Pesticides (total),1999,tonnes,3419
Pesticides Use,Haryana,Agricultural Use,Pesticides (total),2000,tonnes,3563
Pesticides Use,Haryana,Agricultural Use,Pesticides (total),2001,tonnes,3132
Pesticides Use,Haryana,Agricultural Use,Pesticides (total),2002,tonnes,3079
Pesticides Use,Haryana,Agricultural Use,Pesticides (total),2003,tonnes,3385
Pesticides Use,Haryana,Agricultural Use,Pesticides (total),2004,tonnes,3302
Pesticides Use,Haryana,Agricultural Use,Pesticides (total),2005,tonnes,3404
Pesticides Use,Haryana,Agricultural Use,Pesticides (total),2006,tonnes,3416
Pesticides Use,Haryana,Agricultural Use,Pesticides (total),2007,tonnes,3527
Pesticides Use,Haryana,Agricultural Use,Pesticides (total),2008,tonnes,4247
Pesticides Use,Haryana,Agricultural Use,Pesticides (total),2009,tonnes,3532
Pesticides Use,Haryana,Agricultural Use,Pesticides (total),2010,tonnes,3692
Pesticides Use,Haryana,Agricultural Use,Pesticides (total),2011,tonnes,3442
Pesticides Use,Haryana,Agricultural Use,Pesticides (total),2012,tonnes,3563
Pesticides Use,Haryana,Agricultural Use,Pesticides (total),2013,tonnes,3109
Pesticides Use,Haryana,Agricultural Use,Pesticides (total),2014,tonnes,3381
Pesticides Use,Haryana,Agricultural Use,Pesticides (total),2015,tonnes,3787
Pesticides Use,Haryana,Agricultural Use,Pesticides (total),2016,tonnes,3662
Pesticides Use,Haryana,Agricultural Use,Pesticides (total),2017,tonnes,4655
Pesticides Use,Haryana,Agricultural Use,Pesticides (total),2018,tonnes,5295
Pesticides Use,Himachal Pradesh,Agricultural Use,Pesticides (total),1992,tonnes,149
Pesticides Use,Himachal Pradesh,Agricultural Use,Pesticides (total),1993,tonnes,149
Pesticides Use,Himachal Pradesh,Agricultural Use,Pesticides (total),1994,tonnes,149
Pesticides Use,Himachal Pradesh,Agricultural Use,Pesticides (total),1995,tonnes,149
Pesticides Use,Himachal Pradesh,Agricultural Use,Pesticides (total),1996,tonnes,149
Pesticides Use,Himachal Pradesh,Agricultural Use,Pesticides (total),1997,tonnes,149
Pesticides Use,Himachal Pradesh,Agricultural Use,Pesticides (total),1998,tonnes,149
Pesticides Use,Himachal Pradesh,Agricultural Use,Pesticides (total),1999,tonnes,149
Pesticides Use,Himachal Pradesh,Agricultural Use,Pesticides (total),2000,tonnes,149
Pesticides Use,Himachal Pradesh,Agricultural Use,Pesticides (total),2001,tonnes,149
Pesticides Use,Himachal Pradesh,Agricultural Use,Pesticides (total),2002,tonnes,149
Pesticides Use,Himachal Pradesh,Agricultural Use,Pesticides (total),2003,tonnes,149
Pesticides Use,Himachal Pradesh,Agricultural Use,Pesticides (total),2004,tonnes,149
Pesticides Use,Himachal Pradesh,Agricultural Use,Pesticides (total),2005,tonnes,149
Pesticides Use,Himachal Pradesh,Agricultural Use,Pesticides (total),2006,tonnes,149
Pesticides Use,Himachal Pradesh,Agricultural Use,Pesticides (total),2007,tonnes,149
Pesticides Use,Himachal Pradesh,Agricultural Use,Pesticides (total),2008,tonnes,263
Pesticides Use,Himachal Pradesh,Agricultural Use,Pesticides (total),2009,tonnes,316
Pesticides Use,Himachal Pradesh,Agricultural Use,Pesticides (total),2010,tonnes,334
Pesticides Use,Himachal Pradesh,Agricultural Use,Pesticides (total),2011,tonnes,462
Pesticides Use,Himachal Pradesh,Agricultural Use,Pesticides (total),2012,tonnes,516
Pesticides Use,Himachal Pradesh,Agricultural Use,Pesticides (total),2013,tonnes,490
Pesticides Use,Himachal Pradesh,Agricultural Use,Pesticides (total),2014,tonnes,532
Pesticides Use,Himachal Pradesh,Agricultural Use,Pesticides (total),2015,tonnes,530
Pesticides Use,Himachal Pradesh,Agricultural Use,Pesticides (total),2016,tonnes,543
Pesticides Use,Himachal Pradesh,Agricultural Use,Pesticides (total),2017,tonnes,543
Pesticides Use,Himachal Pradesh,Agricultural Use,Pesticides (total),2018,tonnes,543
Pesticides Use,Jammu and Kashmir,Agricultural Use,Pesticides (total),1990,tonnes,453
Pesticides Use,Jammu and Kashmir,Agricultural Use,Pesticides (total),1991,tonnes,453
Pesticides Use,Jammu and Kashmir,Agricultural Use,Pesticides (total),1992,tonnes,453
Pesticides Use,Jammu and Kashmir,Agricultural Use,Pesticides (total),1993,tonnes,453
Pesticides Use,Jammu and Kashmir,Agricultural Use,Pesticides (total),1994,tonnes,453
Pesticides Use,Jammu and Kashmir,Agricultural Use,Pesticides (total),1995,tonnes,453
Pesticides Use,Jammu and Kashmir,Agricultural Use,Pesticides (total),1996,tonnes,453
Pesticides Use,Jammu and Kashmir,Agricultural Use,Pesticides (total),1997,tonnes,453
Pesticides Use,Jammu and Kashmir,Agricultural Use,Pesticides (total),1998,tonnes,453
Pesticides Use,Jammu and Kashmir,Agricultural Use,Pesticides (total),1999,tonnes,453
Pesticides Use,Jammu and Kashmir,Agricultural Use,Pesticides (total),2000,tonnes,453
Pesticides Use,Jammu and Kashmir,Agricultural Use,Pesticides (total),2001,tonnes,363
Pesticides Use,Jammu and Kashmir,Agricultural Use,Pesticides (total),2002,tonnes,325
Pesticides Use,Jammu and Kashmir,Agricultural Use,Pesticides (total),2003,tonnes,270
Pesticides Use,Jammu and Kashmir,Agricultural Use,Pesticides (total),2004,tonnes,238
Pesticides Use,Jammu and Kashmir,Agricultural Use,Pesticides (total),2005,tonnes,293
Pesticides Use,Jammu and Kashmir,Agricultural Use,Pesticides (total),2006,tonnes,254
Pesticides Use,Jammu and Kashmir,Agricultural Use,Pesticides (total),2007,tonnes,254
Pesticides Use,Jammu and Kashmir,Agricultural Use,Pesticides (total),2008,tonnes,254
Pesticides Use,Jammu and Kashmir,Agricultural Use,Pesticides (total),2009,tonnes,254
Pesticides Use,Jammu and Kashmir,Agricultural Use,Pesticides (total),2010,tonnes,254
Pesticides Use,Jammu and Kashmir,Agricultural Use,Pesticides (total),2011,tonnes,254
Pesticides Use,Jammu and Kashmir,Agricultural Use,Pesticides (total),2012,tonnes,254
Pesticides Use,Jammu and Kashmir,Agricultural Use,Pesticides (total),2013,tonnes,254
Pesticides Use,Jammu and Kashmir,Agricultural Use,Pesticides (total),2014,tonnes,254
Pesticides Use,Jammu and Kashmir,Agricultural Use,Pesticides (total),2015,tonnes,254
Pesticides Use,Jammu and Kashmir,Agricultural Use,Pesticides (total),2016,tonnes,254
Pesticides Use,Jammu and Kashmir,Agricultural Use,Pesticides (total),2017,tonnes,254
Pesticides Use,Jammu and Kashmir,Agricultural Use,Pesticides (total),2018,tonnes,254
Pesticides Use,Jharkhand,Agricultural Use,Pesticides (total),1990,tonnes,14
Pesticides Use,Jharkhand,Agricultural Use,Pesticides (total),1991,tonnes,14
Pesticides Use,Jharkhand,Agricultural Use,Pesticides (total),1992,tonnes,14
Pesticides Use,Jharkhand,Agricultural Use,Pesticides (total),1993,tonnes,14
Pesticides Use,Jharkhand,Agricultural Use,Pesticides (total),1994,tonnes,31
Pesticides Use,Jharkhand,Agricultural Use,Pesticides (total),1995,tonnes,12
Pesticides Use,Jharkhand,Agricultural Use,Pesticides (total),1996,tonnes,12
Pesticides Use,Jharkhand,Agricultural Use,Pesticides (total),1997,tonnes,9
Pesticides Use,Jharkhand,Agricultural Use,Pesticides (total),1998,tonnes,11
Pesticides Use,Jharkhand,Agricultural Use,Pesticides (total),1999,tonnes,13
Pesticides Use,Jharkhand,Agricultural Use,Pesticides (total),2000,tonnes,9
Pesticides Use,Jharkhand,Agricultural Use,Pesticides (total),2001,tonnes,9
Pesticides Use,Jharkhand,Agricultural Use,Pesticides (total),2002,tonnes,87
Pesticides Use,Jharkhand,Agricultural Use,Pesticides (total),2003,tonnes,6
Pesticides Use,Jharkhand,Agricultural Use,Pesticides (total),2004,tonnes,12
Pesticides Use,Jharkhand,Agricultural Use,Pesticides (total),2005,tonnes,13
Pesticides Use,Jharkhand,Agricultural Use,Pesticides (total),2006,tonnes,12
Pesticides Use,Jharkhand,Agricultural Use,Pesticides (total),2007,tonnes,16
Pesticides Use,Jharkhand,Agricultural Use,Pesticides (total),2008,tonnes,10
Pesticides Use,Jharkhand,Agricultural Use,Pesticides (total),2009,tonnes,13
Pesticides Use,Jharkhand,Agricultural Use,Pesticides (total),2010,tonnes,10
Pesticides Use,Jharkhand,Agricultural Use,Pesticides (total),2011,tonnes,9
Pesticides Use,Jharkhand,Agricultural Use,Pesticides (total),2012,tonnes,9
Pesticides Use,Jharkhand,Agricultural Use,Pesticides (total),2013,tonnes,9
Pesticides Use,Jharkhand,Agricultural Use,Pesticides (total),2014,tonnes,9
Pesticides Use,Jharkhand,Agricultural Use,Pesticides (total),2015,tonnes,9
Pesticides Use,Jharkhand,Agricultural Use,Pesticides (total),2016,tonnes,9
Pesticides Use,Jharkhand,Agricultural Use,Pesticides (total),2017,tonnes,9
Pesticides Use,Jharkhand,Agricultural Use,Pesticides (total),2018,tonnes,9
Pesticides Use,Karnataka,Agricultural Use,Pesticides (total),1990,tonnes,1266
Pesticides Use,Karnataka,Agricultural Use,Pesticides (total),1991,tonnes,1287
Pesticides Use,Karnataka,Agricultural Use,Pesticides (total),1992,tonnes,1453
Pesticides Use,Karnataka,Agricultural Use,Pesticides (total),1993,tonnes,1487
Pesticides Use,Karnataka,Agricultural Use,Pesticides (total),1994,tonnes,1595
Pesticides Use,Karnataka,Agricultural Use,Pesticides (total),1995,tonnes,1702
Pesticides Use,Karnataka,Agricultural Use,Pesticides (total),1996,tonnes,1919
Pesticides Use,Karnataka,Agricultural Use,Pesticides (total),1997,tonnes,2035
Pesticides Use,Karnataka,Agricultural Use,Pesticides (total),1998,tonnes,2068
Pesticides Use,Karnataka,Agricultural Use,Pesticides (total),1999,tonnes,2532
Pesticides Use,Karnataka,Agricultural Use,Pesticides (total),2000,tonnes,3170
Pesticides Use,Karnataka,Agricultural Use,Pesticides (total),2001,tonnes,3335
Pesticides Use,Karnataka,Agricultural Use,Pesticides (total),2002,tonnes,4206
Pesticides Use,Karnataka,Agricultural Use,Pesticides (total),2003,tonnes,5463
Pesticides Use,Karnataka,Agricultural Use,Pesticides (total),2004,tonnes,6996
Pesticides Use,Karnataka,Agricultural Use,Pesticides (total),2005,tonnes,8091
Pesticides Use,Karnataka,Agricultural Use,Pesticides (total),2006,tonnes,9413
Pesticides Use,Karnataka,Agricultural Use,Pesticides (total),2007,tonnes,10915
Pesticides Use,Karnataka,Agricultural Use,Pesticides (total),2008,tonnes,12403
Pesticides Use,Karnataka,Agricultural Use,Pesticides (total),2009,tonnes,13756
Pesticides Use,Karnataka,Agricultural Use,Pesticides (total),2010,tonnes,13251
Pesticides Use,Karnataka,Agricultural Use,Pesticides (total),2011,tonnes,14798
Pesticides Use,Karnataka,Agricultural Use,Pesticides (total),2012,tonnes,13289
Pesticides Use,Karnataka,Agricultural Use,Pesticides (total),2013,tonnes,15330
Pesticides Use,Karnataka,Agricultural Use,Pesticides (total),2014,tonnes,15857
Pesticides Use,Karnataka,Agricultural Use,Pesticides (total),2015,tonnes,13364
Pesticides Use,Karnataka,Agricultural Use,Pesticides (total),2016,tonnes,14388
Pesticides Use,Karnataka,Agricultural Use,Pesticides (total),2017,tonnes,15144
Pesticides Use,Karnataka,Agricultural Use,Pesticides (total),2018,tonnes,15144
Pesticides Use,Kerala,Agricultural Use,Pesticides (total),1990,tonnes,550
Pesticides Use,Kerala,Agricultural Use,Pesticides (total),1991,tonnes,550
Pesticides Use,Kerala,Agricultural Use,Pesticides (total),1992,tonnes,550
Pesticides Use,Kerala,Agricultural Use,Pesticides (total),1993,tonnes,550
Pesticides Use,Kerala,Agricultural Use,Pesticides (total),1994,tonnes,514
Pesticides Use,Kerala,Agricultural Use,Pesticides (total),1995,tonnes,664
Pesticides Use,Kerala,Agricultural Use,Pesticides (total),1996,tonnes,475
Pesticides Use,Kerala,Agricultural Use,Pesticides (total),1997,tonnes,168
Pesticides Use,Kerala,Agricultural Use,Pesticides (total),1998,tonnes,168
Pesticides Use,Kerala,Agricultural Use,Pesticides (total),1999,tonnes,168
Pesticides Use,Kerala,Agricultural Use,Pesticides (total),2000,tonnes,168
Pesticides Use,Kerala,Agricultural Use,Pesticides (total),2001,tonnes,168
Pesticides Use,Kerala,Agricultural Use,Pesticides (total),2002,tonnes,168
Pesticides Use,Kerala,Agricultural Use,Pesticides (total),2003,tonnes,168
Pesticides Use,Kerala,Agricultural Use,Pesticides (total),2004,tonnes,168
Pesticides Use,Kerala,Agricultural Use,Pesticides (total),2005,tonnes,168
Pesticides Use,Kerala,Agricultural Use,Pesticides (total),2006,tonnes,168
Pesticides Use,Kerala,Agricultural Use,Pesticides (total),2007,tonnes,168
Pesticides Use,Kerala,Agricultural Use,Pesticides (total),2008,tonnes,168
Pesticides Use,Kerala,Agricultural Use,Pesticides (total),2009,tonnes,168
Pesticides Use,Kerala,Agricultural Use,Pesticides (total),2010,tonnes,168
Pesticides Use,Kerala,Agricultural Use,Pesticides (total),2011,tonnes,168
Pesticides Use,Kerala,Agricultural Use,Pesticides (total),2012,tonnes,168
Pesticides Use,Kerala,Agricultural Use,Pesticides (total),2013,tonnes,168
Pesticides Use,Kerala,Agricultural Use,Pesticides (total),2014,tonnes,168
Pesticides Use,Kerala,Agricultural Use,Pesticides (total),2015,tonnes,168
Pesticides Use,Kerala,Agricultural Use,Pesticides (total),2016,tonnes,168
Pesticides Use,Kerala,Agricultural Use,Pesticides (total),2017,tonnes,168
Pesticides Use,Kerala,Agricultural Use,Pesticides (total),2018,tonnes,168
Pesticides Use,Madhya Pradesh,Agricultural Use,Pesticides (total),1992,tonnes,4897
Pesticides Use,Madhya Pradesh,Agricultural Use,Pesticides (total),1993,tonnes,4897
Pesticides Use,Madhya Pradesh,Agricultural Use,Pesticides (total),1994,tonnes,4897
Pesticides Use,Madhya Pradesh,Agricultural Use,Pesticides (total),1995,tonnes,4897
Pesticides Use,Madhya Pradesh,Agricultural Use,Pesticides (total),1996,tonnes,4897
Pesticides Use,Madhya Pradesh,Agricultural Use,Pesticides (total),1997,tonnes,4897
Pesticides Use,Madhya Pradesh,Agricultural Use,Pesticides (total),1998,tonnes,4897
Pesticides Use,Madhya Pradesh,Agricultural Use,Pesticides (total),1999,tonnes,4897
Pesticides Use,Madhya Pradesh,Agricultural Use,Pesticides (total),2000,tonnes,4897
Pesticides Use,Madhya Pradesh,Agricultural Use,Pesticides (total),2001,tonnes,4897
Pesticides Use,Madhya Pradesh,Agricultural Use,Pesticides (total),2002,tonnes,4897
Pesticides Use,Madhya Pradesh,Agricultural Use,Pesticides (total),2003,tonnes,4897
Pesticides Use,Madhya Pradesh,Agricultural Use,Pesticides (total),2004,tonnes,4897
Pesticides Use,Madhya Pradesh,Agricultural Use,Pesticides (total),2005,tonnes,4897
Pesticides Use,Madhya Pradesh,Agricultural Use,Pesticides (total),2006,tonnes,4897
Pesticides Use,Madhya Pradesh,Agricultural Use,Pesticides (total),2007,tonnes,4897
Pesticides Use,Madhya Pradesh,Agricultural Use,Pesticides (total),2008,tonnes,4897
Pesticides Use,Madhya Pradesh,Agricultural Use,Pesticides (total),2009,tonnes,4897
Pesticides Use,Madhya Pradesh,Agricultural Use,Pesticides (total),2010,tonnes,4897
Pesticides Use,Madhya Pradesh,Agricultural Use,Pesticides (total),2011,tonnes,4897
Pesticides Use,Madhya Pradesh,Agricultural Use,Pesticides (total),2012,tonnes,5682
Pesticides Use,Madhya Pradesh,Agricultural Use,Pesticides (total),2013,tonnes,5479
Pesticides Use,Madhya Pradesh,Agricultural Use,Pesticides (total),2014,tonnes,4971
Pesticides Use,Madhya Pradesh,Agricultural Use,Pesticides (total),2015,tonnes,3564
Pesticides Use,Madhya Pradesh,Agricultural Use,Pesticides (total),2016,tonnes,3257
Pesticides Use,Madhya Pradesh,Agricultural Use,Pesticides (total),2017,tonnes,3557
Pesticides Use,Madhya Pradesh,Agricultural Use,Pesticides (total),2018,tonnes,3786
Pesticides Use,Maharashtra,Agricultural Use,Pesticides (total),2000,tonnes,9560
Pesticides Use,Maharashtra,Agricultural Use,Pesticides (total),2001,tonnes,8529
Pesticides Use,Maharashtra,Agricultural Use,Pesticides (total),2002,tonnes,9204
Pesticides Use,Maharashtra,Agricultural Use,Pesticides (total),2003,tonnes,8822
Pesticides Use,Maharashtra,Agricultural Use,Pesticides (total),2004,tonnes,9186
Pesticides Use,Maharashtra,Agricultural Use,Pesticides (total),2005,tonnes,9776
Pesticides Use,Maharashtra,Agricultural Use,Pesticides (total),2006,tonnes,8244
Pesticides Use,Maharashtra,Agricultural Use,Pesticides (total),2007,tonnes,6712
Pesticides Use,Maharashtra,Agricultural Use,Pesticides (total),2008,tonnes,6516
Pesticides Use,Maharashtra,Agricultural Use,Pesticides (total),2009,tonnes,5496
Pesticides Use,Maharashtra,Agricultural Use,Pesticides (total),2010,tonnes,4645
Pesticides Use,Maharashtra,Agricultural Use,Pesticides (total),2011,tonnes,5740
Pesticides Use,Maharashtra,Agricultural Use,Pesticides (total),2012,tonnes,6139
Pesticides Use,Maharashtra,Agricultural Use,Pesticides (total),2013,tonnes,5906
Pesticides Use,Maharashtra,Agricultural Use,Pesticides (total),2014,tonnes,6490
Pesticides Use,Maharashtra,Agricultural Use,Pesticides (total),2015,tonnes,6866
Pesticides Use,Maharashtra,Agricultural Use,Pesticides (total),2016,tonnes,6961
Pesticides Use,Maharashtra,Agricultural Use,Pesticides (total),2017,tonnes,6492
Pesticides Use,Maharashtra,Agricultural Use,Pesticides (total),2018,tonnes,6637
Pesticides Use,Manipur,Agricultural Use,Pesticides (total),1990,tonnes,9074
Pesticides Use,Manipur,Agricultural Use,Pesticides (total),1991,tonnes,9074
Pesticides Use,Manipur,Agricultural Use,Pesticides (total),1992,tonnes,9074
Pesticides Use,Manipur,Agricultural Use,Pesticides (total),1993,tonnes,9074
Pesticides Use,Manipur,Agricultural Use,Pesticides (total),1994,tonnes,8450
Pesticides Use,Manipur,Agricultural Use,Pesticides (total),1995,tonnes,9007
Pesticides Use,Manipur,Agricultural Use,Pesticides (total),1996,tonnes,8743
Pesticides Use,Manipur,Agricultural Use,Pesticides (total),1997,tonnes,8307
Pesticides Use,Manipur,Agricultural Use,Pesticides (total),1998,tonnes,9096
Pesticides Use,Manipur,Agricultural Use,Pesticides (total),1999,tonnes,8830
Pesticides Use,Meghalaya,Agricultural Use,Pesticides (total),1990,tonnes,771
Pesticides Use,Meghalaya,Agricultural Use,Pesticides (total),1991,tonnes,696
Pesticides Use,Meghalaya,Agricultural Use,Pesticides (total),1992,tonnes,997
Pesticides Use,Meghalaya,Agricultural Use,Pesticides (total),1993,tonnes,1058
Pesticides Use,Meghalaya,Agricultural Use,Pesticides (total),1994,tonnes,1119
Pesticides Use,Meghalaya,Agricultural Use,Pesticides (total),1995,tonnes,1180
Pesticides Use,Meghalaya,Agricultural Use,Pesticides (total),1996,tonnes,1240
Pesticides Use,Meghalaya,Agricultural Use,Pesticides (total),1997,tonnes,1301
Pesticides Use,Meghalaya,Agricultural Use,Pesticides (total),1998,tonnes,1362
Pesticides Use,Meghalaya,Agricultural Use,Pesticides (total),1999,tonnes,1362
Pesticides Use,Meghalaya,Agricultural Use,Pesticides (total),2000,tonnes,1296
Pesticides Use,Meghalaya,Agricultural Use,Pesticides (total),2001,tonnes,1719
Pesticides Use,Meghalaya,Agricultural Use,Pesticides (total),2002,tonnes,1529
Pesticides Use,Meghalaya,Agricultural Use,Pesticides (total),2003,tonnes,1340
Pesticides Use,Meghalaya,Agricultural Use,Pesticides (total),2004,tonnes,1150
Pesticides Use,Meghalaya,Agricultural Use,Pesticides (total),2005,tonnes,960
Pesticides Use,Meghalaya,Agricultural Use,Pesticides (total),2006,tonnes,770
Pesticides Use,Meghalaya,Agricultural Use,Pesticides (total),2007,tonnes,674
Pesticides Use,Meghalaya,Agricultural Use,Pesticides (total),2008,tonnes,984
Pesticides Use,Meghalaya,Agricultural Use,Pesticides (total),2009,tonnes,789
Pesticides Use,Meghalaya,Agricultural Use,Pesticides (total),2010,tonnes,700
Pesticides Use,Meghalaya,Agricultural Use,Pesticides (total),2011,tonnes,827
Pesticides Use,Meghalaya,Agricultural Use,Pesticides (total),2012,tonnes,638
Pesticides Use,Meghalaya,Agricultural Use,Pesticides (total),2013,tonnes,1037
Pesticides Use,Meghalaya,Agricultural Use,Pesticides (total),2014,tonnes,880
Pesticides Use,Meghalaya,Agricultural Use,Pesticides (total),2015,tonnes,1067
Pesticides Use,Meghalaya,Agricultural Use,Pesticides (total),2016,tonnes,1259
Pesticides Use,Meghalaya,Agricultural Use,Pesticides (total),2017,tonnes,1177
Pesticides Use,Meghalaya,Agricultural Use,Pesticides (total),2018,tonnes,1384
Pesticides Use,Mizoram,Agricultural Use,Pesticides (total),1990,tonnes,107
Pesticides Use,Mizoram,Agricultural Use,Pesticides (total),1991,tonnes,107
Pesticides Use,Mizoram,Agricultural Use,Pesticides (total),1992,tonnes,107
Pesticides Use,Mizoram,Agricultural Use,Pesticides (total),1993,tonnes,107
Pesticides Use,Mizoram,Agricultural Use,Pesticides (total),1994,tonnes,107
Pesticides Use,Mizoram,Agricultural Use,Pesticides (total),1995,tonnes,107
Pesticides Use,Mizoram,Agricultural Use,Pesticides (total),1996,tonnes,107
Pesticides Use,Mizoram,Agricultural Use,Pesticides (total),1997,tonnes,107
Pesticides Use,Mizoram,Agricultural Use,Pesticides (total),1998,tonnes,107
Pesticides Use,Mizoram,Agricultural Use,Pesticides (total),1999,tonnes,107
Pesticides Use,Mizoram,Agricultural Use,Pesticides (total),2000,tonnes,107
Pesticides Use,Mizoram,Agricultural Use,Pesticides (total),2001,tonnes,107
Pesticides Use,Mizoram,Agricultural Use,Pesticides (total),2002,tonnes,107
Pesticides Use,Mizoram,Agricultural Use,Pesticides (total),2003,tonnes,107
Pesticides Use,Mizoram,Agricultural Use,Pesticides (total),2004,tonnes,107
Pesticides Use,Mizoram,Agricultural Use,Pesticides (total),2005,tonnes,107
Pesticides Use,Mizoram,Agricultural Use,Pesticides (total),2006,tonnes,107
Pesticides Use,Mizoram,Agricultural Use,Pesticides (total),2007,tonnes,107
Pesticides Use,Mizoram,Agricultural Use,Pesticides (total),2008,tonnes,107
Pesticides Use,Mizoram,Agricultural Use,Pesticides (total),2009,tonnes,107
Pesticides Use,Mizoram,Agricultural Use,Pesticides (total),2010,tonnes,107
Pesticides Use,Mizoram,Agricultural Use,Pesticides (total),2011,tonnes,107
Pesticides Use,Mizoram,Agricultural Use,Pesticides (total),2012,tonnes,107
Pesticides Use,Mizoram,Agricultural Use,Pesticides (total),2013,tonnes,107
Pesticides Use,Mizoram,Agricultural Use,Pesticides (total),2014,tonnes,99
Pesticides Use,Mizoram,Agricultural Use,Pesticides (total),2015,tonnes,93
Pesticides Use,Mizoram,Agricultural Use,Pesticides (total),2016,tonnes,106
Pesticides Use,Mizoram,Agricultural Use,Pesticides (total),2017,tonnes,78
Pesticides Use,Mizoram,Agricultural Use,Pesticides (total),2018,tonnes,57
Pesticides Use,Nagaland,Agricultural Use,Pesticides (total),1990,tonnes,4
Pesticides Use,Nagaland,Agricultural Use,Pesticides (total),1991,tonnes,5
Pesticides Use,Nagaland,Agricultural Use,Pesticides (total),1992,tonnes,5
Pesticides Use,Nagaland,Agricultural Use,Pesticides (total),1993,tonnes,3
Pesticides Use,Nagaland,Agricultural Use,Pesticides (total),1994,tonnes,25
Pesticides Use,Nagaland,Agricultural Use,Pesticides (total),1995,tonnes,29
Pesticides Use,Nagaland,Agricultural Use,Pesticides (total),1996,tonnes,32
Pesticides Use,Nagaland,Agricultural Use,Pesticides (total),1997,tonnes,2
Pesticides Use,Nagaland,Agricultural Use,Pesticides (total),1998,tonnes,2
Pesticides Use,Nagaland,Agricultural Use,Pesticides (total),1999,tonnes,2
Pesticides Use,Nagaland,Agricultural Use,Pesticides (total),2000,tonnes,3
Pesticides Use,Nagaland,Agricultural Use,Pesticides (total),2001,tonnes,3
Pesticides Use,Nagaland,Agricultural Use,Pesticides (total),2002,tonnes,2
Pesticides Use,Nagaland,Agricultural Use,Pesticides (total),2003,tonnes,5
Pesticides Use,Nagaland,Agricultural Use,Pesticides (total),2004,tonnes,7
Pesticides Use,Nagaland,Agricultural Use,Pesticides (total),2005,tonnes,2
Pesticides Use,Nagaland,Agricultural Use,Pesticides (total),2006,tonnes,6
Pesticides Use,Nagaland,Agricultural Use,Pesticides (total),2007,tonnes,7
Pesticides Use,Nagaland,Agricultural Use,Pesticides (total),2008,tonnes,6
Pesticides Use,Nagaland,Agricultural Use,Pesticides (total),2009,tonnes,6
Pesticides Use,Nagaland,Agricultural Use,Pesticides (total),2010,tonnes,7
Pesticides Use,Nagaland,Agricultural Use,Pesticides (total),2011,tonnes,9
Pesticides Use,Nagaland,Agricultural Use,Pesticides (total),2012,tonnes,7
Pesticides Use,Nagaland,Agricultural Use,Pesticides (total),2013,tonnes,5
Pesticides Use,Nagaland,Agricultural Use,Pesticides (total),2014,tonnes,3
Pesticides Use,Nagaland,Agricultural Use,Pesticides (total),2015,tonnes,11
Pesticides Use,Nagaland,Agricultural Use,Pesticides (total),2016,tonnes,12
Pesticides Use,Nagaland,Agricultural Use,Pesticides (total),2017,tonnes,3
Pesticides Use,Nagaland,Agricultural Use,Pesticides (total),2018,tonnes,4
Pesticides Use,Orissa,Agricultural Use,Pesticides (total),1990,tonnes,2468
Pesticides Use,Orissa,Agricultural Use,Pesticides (total),1991,tonnes,1691
Pesticides Use,Orissa,Agricultural Use,Pesticides (total),1992,tonnes,941
Pesticides Use,Orissa,Agricultural Use,Pesticides (total),1993,tonnes,1300
Pesticides Use,Orissa,Agricultural Use,Pesticides (total),1994,tonnes,1653
Pesticides Use,Orissa,Agricultural Use,Pesticides (total),1995,tonnes,2006
Pesticides Use,Orissa,Agricultural Use,Pesticides (total),1996,tonnes,2359
Pesticides Use,Orissa,Agricultural Use,Pesticides (total),1997,tonnes,2712
Pesticides Use,Orissa,Agricultural Use,Pesticides (total),1998,tonnes,3065
Pesticides Use,Orissa,Agricultural Use,Pesticides (total),1999,tonnes,3418
Pesticides Use,Orissa,Agricultural Use,Pesticides (total),2000,tonnes,3771
Pesticides Use,Orissa,Agricultural Use,Pesticides (total),2001,tonnes,4124
Pesticides Use,Orissa,Agricultural Use,Pesticides (total),2002,tonnes,4477
Pesticides Use,Orissa,Agricultural Use,Pesticides (total),2003,tonnes,4830
Pesticides Use,Orissa,Agricultural Use,Pesticides (total),2004,tonnes,6453
Pesticides Use,Orissa,Agricultural Use,Pesticides (total),2005,tonnes,7146
Pesticides Use,Orissa,Agricultural Use,Pesticides (total),2006,tonnes,7772
Pesticides Use,Orissa,Agricultural Use,Pesticides (total),2007,tonnes,8427
Pesticides Use,Orissa,Agricultural Use,Pesticides (total),2008,tonnes,8870
Pesticides Use,Orissa,Agricultural Use,Pesticides (total),2009,tonnes,10281
Pesticides Use,Orissa,Agricultural Use,Pesticides (total),2010,tonnes,11823
Pesticides Use,Orissa,Agricultural Use,Pesticides (total),2011,tonnes,12385
Pesticides Use,Orissa,Agricultural Use,Pesticides (total),2012,tonnes,13477
Pesticides Use,Orissa,Agricultural Use,Pesticides (total),2013,tonnes,16227
Pesticides Use,Orissa,Agricultural Use,Pesticides (total),2014,tonnes,15327
Pesticides Use,Orissa,Agricultural Use,Pesticides (total),2015,tonnes,14252
Pesticides Use,Orissa,Agricultural Use,Pesticides (total),2016,tonnes,14758
Pesticides Use,Orissa,Agricultural Use,Pesticides (total),2017,tonnes,14758
Pesticides Use,Orissa,Agricultural Use,Pesticides (total),2018,tonnes,14758
Pesticides Use,Punjab,Agricultural Use,Pesticides (total),1990,tonnes,17
Pesticides Use,Punjab,Agricultural Use,Pesticides (total),1991,tonnes,19
Pesticides Use,Punjab,Agricultural Use,Pesticides (total),1992,tonnes,17
Pesticides Use,Punjab,Agricultural Use,Pesticides (total),1993,tonnes,17
Pesticides Use,Punjab,Agricultural Use,Pesticides (total),1994,tonnes,17
Pesticides Use,Punjab,Agricultural Use,Pesticides (total),1995,tonnes,17
Pesticides Use,Punjab,Agricultural Use,Pesticides (total),1996,tonnes,17
Pesticides Use,Punjab,Agricultural Use,Pesticides (total),1997,tonnes,17
Pesticides Use,Punjab,Agricultural Use,Pesticides (total),1998,tonnes,17
Pesticides Use,Punjab,Agricultural Use,Pesticides (total),1999,tonnes,17
Pesticides Use,Punjab,Agricultural Use,Pesticides (total),2000,tonnes,17
Pesticides Use,Punjab,Agricultural Use,Pesticides (total),2001,tonnes,17
Pesticides Use,Punjab,Agricultural Use,Pesticides (total),2002,tonnes,17
Pesticides Use,Punjab,Agricultural Use,Pesticides (total),2003,tonnes,17
Pesticides Use,Punjab,Agricultural Use,Pesticides (total),2004,tonnes,17
Pesticides Use,Punjab,Agricultural Use,Pesticides (total),2005,tonnes,17
Pesticides Use,Punjab,Agricultural Use,Pesticides (total),2006,tonnes,17
Pesticides Use,Punjab,Agricultural Use,Pesticides (total),2007,tonnes,17
Pesticides Use,Punjab,Agricultural Use,Pesticides (total),2008,tonnes,17
Pesticides Use,Punjab,Agricultural Use,Pesticides (total),2009,tonnes,17
Pesticides Use,Punjab,Agricultural Use,Pesticides (total),2010,tonnes,17
Pesticides Use,Punjab,Agricultural Use,Pesticides (total),2011,tonnes,17
Pesticides Use,Punjab,Agricultural Use,Pesticides (total),2012,tonnes,17
Pesticides Use,Punjab,Agricultural Use,Pesticides (total),2013,tonnes,17
Pesticides Use,Punjab,Agricultural Use,Pesticides (total),2014,tonnes,17
Pesticides Use,Punjab,Agricultural Use,Pesticides (total),2015,tonnes,17
Pesticides Use,Punjab,Agricultural Use,Pesticides (total),2016,tonnes,17
Pesticides Use,Punjab,Agricultural Use,Pesticides (total),2017,tonnes,17
Pesticides Use,Punjab,Agricultural Use,Pesticides (total),2018,tonnes,17
Pesticides Use,Rajasthan,Agricultural Use,Pesticides (total),1990,tonnes,49695
Pesticides Use,Rajasthan,Agricultural Use,Pesticides (total),1991,tonnes,58349
Pesticides Use,Rajasthan,Agricultural Use,Pesticides (total),1992,tonnes,67004
Pesticides Use,Rajasthan,Agricultural Use,Pesticides (total),1993,tonnes,75658
Pesticides Use,Rajasthan,Agricultural Use,Pesticides (total),1994,tonnes,84313
Pesticides Use,Rajasthan,Agricultural Use,Pesticides (total),1995,tonnes,92967
Pesticides Use,Rajasthan,Agricultural Use,Pesticides (total),1996,tonnes,101622
Pesticides Use,Rajasthan,Agricultural Use,Pesticides (total),1997,tonnes,110276
Pesticides Use,Rajasthan,Agricultural Use,Pesticides (total),1998,tonnes,118931
Pesticides Use,Rajasthan,Agricultural Use,Pesticides (total),1999,tonnes,127585
Pesticides Use,Rajasthan,Agricultural Use,Pesticides (total),2000,tonnes,140423
Pesticides Use,Rajasthan,Agricultural Use,Pesticides (total),2001,tonnes,151523
Pesticides Use,Rajasthan,Agricultural Use,Pesticides (total),2002,tonnes,145552
Pesticides Use,Rajasthan,Agricultural Use,Pesticides (total),2003,tonnes,182446
Pesticides Use,Rajasthan,Agricultural Use,Pesticides (total),2004,tonnes,214725
Pesticides Use,Rajasthan,Agricultural Use,Pesticides (total),2005,tonnes,232232
Pesticides Use,Rajasthan,Agricultural Use,Pesticides (total),2006,tonnes,238716
Pesticides Use,Rajasthan,Agricultural Use,Pesticides (total),2007,tonnes,304031
Pesticides Use,Rajasthan,Agricultural Use,Pesticides (total),2008,tonnes,312637
Pesticides Use,Rajasthan,Agricultural Use,Pesticides (total),2009,tonnes,335742
Pesticides Use,Rajasthan,Agricultural Use,Pesticides (total),2010,tonnes,342580
Pesticides Use,Rajasthan,Agricultural Use,Pesticides (total),2011,tonnes,345026
Pesticides Use,Rajasthan,Agricultural Use,Pesticides (total),2012,tonnes,346583
Pesticides Use,Rajasthan,Agricultural Use,Pesticides (total),2013,tonnes,367778
Pesticides Use,Rajasthan,Agricultural Use,Pesticides (total),2014,tonnes,352336
Pesticides Use,Rajasthan,Agricultural Use,Pesticides (total),2015,tonnes,395646
Pesticides Use,Rajasthan,Agricultural Use,Pesticides (total),2016,tonnes,377176
Pesticides Use,Rajasthan,Agricultural Use,Pesticides (total),2017,tonnes,377176
Pesticides Use,Rajasthan,Agricultural Use,Pesticides (total),2018,tonnes,377176
Pesticides Use,Sikkim,Agricultural Use,Pesticides (total),1990,tonnes,2
Pesticides Use,Sikkim,Agricultural Use,Pesticides (total),1991,tonnes,2
Pesticides Use,Sikkim,Agricultural Use,Pesticides (total),1992,tonnes,2
Pesticides Use,Sikkim,Agricultural Use,Pesticides (total),1993,tonnes,2
Pesticides Use,Sikkim,Agricultural Use,Pesticides (total),1994,tonnes,2
Pesticides Use,Sikkim,Agricultural Use,Pesticides (total),1995,tonnes,2
Pesticides Use,Sikkim,Agricultural Use,Pesticides (total),1996,tonnes,2
Pesticides Use,Sikkim,Agricultural Use,Pesticides (total),1997,tonnes,2
Pesticides Use,Sikkim,Agricultural Use,Pesticides (total),1998,tonnes,2
Pesticides Use,Sikkim,Agricultural Use,Pesticides (total),1999,tonnes,2
Pesticides Use,Sikkim,Agricultural Use,Pesticides (total),2000,tonnes,2
Pesticides Use,Sikkim,Agricultural Use,Pesticides (total),2001,tonnes,2
Pesticides Use,Sikkim,Agricultural Use,Pesticides (total),2002,tonnes,2
Pesticides Use,Sikkim,Agricultural Use,Pesticides (total),2003,tonnes,2
Pesticides Use,Sikkim,Agricultural Use,Pesticides (total),2004,tonnes,2
Pesticides Use,Sikkim,Agricultural Use,Pesticides (total),2005,tonnes,2
Pesticides Use,Sikkim,Agricultural Use,Pesticides (total),2006,tonnes,10
Pesticides Use,Sikkim,Agricultural Use,Pesticides (total),2007,tonnes,14
Pesticides Use,Sikkim,Agricultural Use,Pesticides (total),2008,tonnes,6
Pesticides Use,Sikkim,Agricultural Use,Pesticides (total),2009,tonnes,28
Pesticides Use,Sikkim,Agricultural Use,Pesticides (total),2010,tonnes,38
Pesticides Use,Sikkim,Agricultural Use,Pesticides (total),2011,tonnes,9
Pesticides Use,Sikkim,Agricultural Use,Pesticides (total),2012,tonnes,2
Pesticides Use,Sikkim,Agricultural Use,Pesticides (total),2013,tonnes,12
Pesticides Use,Sikkim,Agricultural Use,Pesticides (total),2014,tonnes,21
Pesticides Use,Sikkim,Agricultural Use,Pesticides (total),2015,tonnes,21
Pesticides Use,Sikkim,Agricultural Use,Pesticides (total),2016,tonnes,21
Pesticides Use,Sikkim,Agricultural Use,Pesticides (total),2017,tonnes,21
Pesticides Use,Sikkim,Agricultural Use,Pesticides (total),2018,tonnes,21
Pesticides Use,Tamil Nadu,Agricultural Use,Pesticides (total),1990,tonnes,3906
Pesticides Use,Tamil Nadu,Agricultural Use,Pesticides (total),1991,tonnes,3906
Pesticides Use,Tamil Nadu,Agricultural Use,Pesticides (total),1992,tonnes,3906
Pesticides Use,Tamil Nadu,Agricultural Use,Pesticides (total),1993,tonnes,3777
Pesticides Use,Tamil Nadu,Agricultural Use,Pesticides (total),1994,tonnes,3649
Pesticides Use,Tamil Nadu,Agricultural Use,Pesticides (total),1995,tonnes,3520
Pesticides Use,Tamil Nadu,Agricultural Use,Pesticides (total),1996,tonnes,3391
Pesticides Use,Tamil Nadu,Agricultural Use,Pesticides (total),1997,tonnes,3262
Pesticides Use,Tamil Nadu,Agricultural Use,Pesticides (total),1998,tonnes,3134
Pesticides Use,Tamil Nadu,Agricultural Use,Pesticides (total),1999,tonnes,3005
Pesticides Use,Tamil Nadu,Agricultural Use,Pesticides (total),2000,tonnes,2876
Pesticides Use,Tamil Nadu,Agricultural Use,Pesticides (total),2001,tonnes,2747
Pesticides Use,Tamil Nadu,Agricultural Use,Pesticides (total),2002,tonnes,2619
Pesticides Use,Tamil Nadu,Agricultural Use,Pesticides (total),2003,tonnes,2490
Pesticides Use,Tamil Nadu,Agricultural Use,Pesticides (total),2004,tonnes,2361
Pesticides Use,Tamil Nadu,Agricultural Use,Pesticides (total),2005,tonnes,2232
Pesticides Use,Tamil Nadu,Agricultural Use,Pesticides (total),2006,tonnes,2104
Pesticides Use,Tamil Nadu,Agricultural Use,Pesticides (total),2007,tonnes,1975
Pesticides Use,Tamil Nadu,Agricultural Use,Pesticides (total),2008,tonnes,1846
Pesticides Use,Tamil Nadu,Agricultural Use,Pesticides (total),2009,tonnes,1717
Pesticides Use,Tamil Nadu,Agricultural Use,Pesticides (total),2010,tonnes,1589
Pesticides Use,Tamil Nadu,Agricultural Use,Pesticides (total),2011,tonnes,1460
Pesticides Use,Tamil Nadu,Agricultural Use,Pesticides (total),2012,tonnes,1331
Pesticides Use,Tamil Nadu,Agricultural Use,Pesticides (total),2013,tonnes,1197
Pesticides Use,Tamil Nadu,Agricultural Use,Pesticides (total),2014,tonnes,1001
Pesticides Use,Tamil Nadu,Agricultural Use,Pesticides (total),2015,tonnes,1542
Pesticides Use,Tamil Nadu,Agricultural Use,Pesticides (total),2016,tonnes,3759
Pesticides Use,Tamil Nadu,Agricultural Use,Pesticides (total),2017,tonnes,3383
Pesticides Use,Tamil Nadu,Agricultural Use,Pesticides (total),2018,tonnes,5067
Pesticides Use,Tripura,Agricultural Use,Pesticides (total),1990,tonnes,29
Pesticides Use,Tripura,Agricultural Use,Pesticides (total),1991,tonnes,29
Pesticides Use,Tripura,Agricultural Use,Pesticides (total),1992,tonnes,29
Pesticides Use,Tripura,Agricultural Use,Pesticides (total),1993,tonnes,17
Pesticides Use,Tripura,Agricultural Use,Pesticides (total),1994,tonnes,6
Pesticides Use,Tripura,Agricultural Use,Pesticides (total),1995,tonnes,3
Pesticides Use,Tripura,Agricultural Use,Pesticides (total),1996,tonnes,40
Pesticides Use,Tripura,Agricultural Use,Pesticides (total),1997,tonnes,76
Pesticides Use,Tripura,Agricultural Use,Pesticides (total),1998,tonnes,113
Pesticides Use,Tripura,Agricultural Use,Pesticides (total),1999,tonnes,95
Pesticides Use,Tripura,Agricultural Use,Pesticides (total),2000,tonnes,77
Pesticides Use,Tripura,Agricultural Use,Pesticides (total),2001,tonnes,59
Pesticides Use,Tripura,Agricultural Use,Pesticides (total),2002,tonnes,41
Pesticides Use,Tripura,Agricultural Use,Pesticides (total),2003,tonnes,22
Pesticides Use,Tripura,Agricultural Use,Pesticides (total),2004,tonnes,2
Pesticides Use,Tripura,Agricultural Use,Pesticides (total),2005,tonnes,93
Pesticides Use,Tripura,Agricultural Use,Pesticides (total),2006,tonnes,110
Pesticides Use,Tripura,Agricultural Use,Pesticides (total),2007,tonnes,292
Pesticides Use,Tripura,Agricultural Use,Pesticides (total),2008,tonnes,191
Pesticides Use,Tripura,Agricultural Use,Pesticides (total),2009,tonnes,132
Pesticides Use,Tripura,Agricultural Use,Pesticides (total),2010,tonnes,443
Pesticides Use,Tripura,Agricultural Use,Pesticides (total),2011,tonnes,843
Pesticides Use,Tripura,Agricultural Use,Pesticides (total),2012,tonnes,843
Pesticides Use,Tripura,Agricultural Use,Pesticides (total),2013,tonnes,843
Pesticides Use,Tripura,Agricultural Use,Pesticides (total),2014,tonnes,843
Pesticides Use,Tripura,Agricultural Use,Pesticides (total),2015,tonnes,843
Pesticides Use,Tripura,Agricultural Use,Pesticides (total),2016,tonnes,843
Pesticides Use,Tripura,Agricultural Use,Pesticides (total),2017,tonnes,843
Pesticides Use,Tripura,Agricultural Use,Pesticides (total),2018,tonnes,843
Pesticides Use,Andaman and Nicobar islands,Agricultural Use,Pesticides (total),1990,tonnes,92
Pesticides Use,Andaman and Nicobar islands,Agricultural Use,Pesticides (total),1991,tonnes,92
Pesticides Use,Andaman and Nicobar islands,Agricultural Use,Pesticides (total),1992,tonnes,92
Pesticides Use,Andaman and Nicobar islands,Agricultural Use,Pesticides (total),1993,tonnes,97
Pesticides Use,Andaman and Nicobar islands,Agricultural Use,Pesticides (total),1994,tonnes,84
Pesticides Use,Andaman and Nicobar islands,Agricultural Use,Pesticides (total),1995,tonnes,144
Pesticides Use,Andaman and Nicobar islands,Agricultural Use,Pesticides (total),1996,tonnes,207
Pesticides Use,Andaman and Nicobar islands,Agricultural Use,Pesticides (total),1997,tonnes,118
Pesticides Use,Andaman and Nicobar islands,Agricultural Use,Pesticides (total),1998,tonnes,107
Pesticides Use,Andaman and Nicobar islands,Agricultural Use,Pesticides (total),1999,tonnes,150
Pesticides Use,Andaman and Nicobar islands,Agricultural Use,Pesticides (total),2000,tonnes,110
Pesticides Use,Andaman and Nicobar islands,Agricultural Use,Pesticides (total),2001,tonnes,73
Pesticides Use,Andaman and Nicobar islands,Agricultural Use,Pesticides (total),2002,tonnes,98
Pesticides Use,Andaman and Nicobar islands,Agricultural Use,Pesticides (total),2003,tonnes,264
Pesticides Use,Andaman and Nicobar islands,Agricultural Use,Pesticides (total),2004,tonnes,508
Pesticides Use,Andaman and Nicobar islands,Agricultural Use,Pesticides (total),2005,tonnes,305
Pesticides Use,Andaman and Nicobar islands,Agricultural Use,Pesticides (total),2006,tonnes,191
Pesticides Use,Andaman and Nicobar islands,Agricultural Use,Pesticides (total),2007,tonnes,413
Pesticides Use,Andaman and Nicobar islands,Agricultural Use,Pesticides (total),2008,tonnes,456
Pesticides Use,Andaman and Nicobar islands,Agricultural Use,Pesticides (total),2009,tonnes,178
Pesticides Use,Andaman and Nicobar islands,Agricultural Use,Pesticides (total),2010,tonnes,265
Pesticides Use,Andaman and Nicobar islands,Agricultural Use,Pesticides (total),2011,tonnes,76
Pesticides Use,Andaman and Nicobar islands,Agricultural Use,Pesticides (total),2012,tonnes,99
Pesticides Use,Andaman and Nicobar islands,Agricultural Use,Pesticides (total),2013,tonnes,956
Pesticides Use,Andaman and Nicobar islands,Agricultural Use,Pesticides (total),2014,tonnes,74
Pesticides Use,Andaman and Nicobar islands,Agricultural Use,Pesticides (total),2015,tonnes,73
Pesticides Use,Andaman and Nicobar islands,Agricultural Use,Pesticides (total),2016,tonnes,50
Pesticides Use,Andaman and Nicobar islands,Agricultural Use,Pesticides (total),2017,tonnes,50
Pesticides Use,Andaman and Nicobar islands,Agricultural Use,Pesticides (total),2018,tonnes,50
Pesticides Use,Chandigarh,Agricultural Use,Pesticides (total),1990,tonnes,87
Pesticides Use,Chandigarh,Agricultural Use,Pesticides (total),1991,tonnes,87
Pesticides Use,Chandigarh,Agricultural Use,Pesticides (total),1992,tonnes,87
Pesticides Use,Chandigarh,Agricultural Use,Pesticides (total),1993,tonnes,87
Pesticides Use,Chandigarh,Agricultural Use,Pesticides (total),1994,tonnes,2
Pesticides Use,Chandigarh,Agricultural Use,Pesticides (total),1995,tonnes,87
Pesticides Use,Chandigarh,Agricultural Use,Pesticides (total),1996,tonnes,87
Pesticides Use,Chandigarh,Agricultural Use,Pesticides (total),1997,tonnes,2
Pesticides Use,Chandigarh,Agricultural Use,Pesticides (total),1998,tonnes,7
Pesticides Use,Chandigarh,Agricultural Use,Pesticides (total),1999,tonnes,11
Pesticides Use,Chandigarh,Agricultural Use,Pesticides (total),2000,tonnes,7
Pesticides Use,Chandigarh,Agricultural Use,Pesticides (total),2001,tonnes,5
Pesticides Use,Chandigarh,Agricultural Use,Pesticides (total),2002,tonnes,5
Pesticides Use,Chandigarh,Agricultural Use,Pesticides (total),2003,tonnes,5
Pesticides Use,Chandigarh,Agricultural Use,Pesticides (total),2004,tonnes,5
Pesticides Use,Chandigarh,Agricultural Use,Pesticides (total),2005,tonnes,5
Pesticides Use,Chandigarh,Agricultural Use,Pesticides (total),2006,tonnes,5
Pesticides Use,Chandigarh,Agricultural Use,Pesticides (total),2007,tonnes,5
Pesticides Use,Chandigarh,Agricultural Use,Pesticides (total),2008,tonnes,5
Pesticides Use,Chandigarh,Agricultural Use,Pesticides (total),2009,tonnes,5
Pesticides Use,Chandigarh,Agricultural Use,Pesticides (total),2010,tonnes,5
Pesticides Use,Chandigarh,Agricultural Use,Pesticides (total),2011,tonnes,5
Pesticides Use,Chandigarh,Agricultural Use,Pesticides (total),2012,tonnes,5
Pesticides Use,Chandigarh,Agricultural Use,Pesticides (total),2013,tonnes,5
Pesticides Use,Chandigarh,Agricultural Use,Pesticides (total),2014,tonnes,5
Pesticides Use,Chandigarh,Agricultural Use,Pesticides (total),2015,tonnes,5
Pesticides Use,Chandigarh,Agricultural Use,Pesticides (total),2016,tonnes,5
Pesticides Use,Chandigarh,Agricultural Use,Pesticides (total),2017,tonnes,5
Pesticides Use,Chandigarh,Agricultural Use,Pesticides (total),2018,tonnes,5
Pesticides Use,Uttrakhand,Agricultural Use,Pesticides (total),1990,tonnes,2227
Pesticides Use,Uttrakhand,Agricultural Use,Pesticides (total),1991,tonnes,1504
Pesticides Use,Uttrakhand,Agricultural Use,Pesticides (total),1992,tonnes,1844
Pesticides Use,Uttrakhand,Agricultural Use,Pesticides (total),1993,tonnes,1245
Pesticides Use,Uttrakhand,Agricultural Use,Pesticides (total),1994,tonnes,647
Pesticides Use,Uttrakhand,Agricultural Use,Pesticides (total),1995,tonnes,48
Pesticides Use,Uttrakhand,Agricultural Use,Pesticides (total),1996,tonnes,180
Pesticides Use,Uttrakhand,Agricultural Use,Pesticides (total),1997,tonnes,630
Pesticides Use,Uttrakhand,Agricultural Use,Pesticides (total),1998,tonnes,258
Pesticides Use,Uttrakhand,Agricultural Use,Pesticides (total),1999,tonnes,653
Pesticides Use,Uttrakhand,Agricultural Use,Pesticides (total),2000,tonnes,545
Pesticides Use,Uttrakhand,Agricultural Use,Pesticides (total),2001,tonnes,687
Pesticides Use,Uttrakhand,Agricultural Use,Pesticides (total),2002,tonnes,817
Pesticides Use,Uttrakhand,Agricultural Use,Pesticides (total),2003,tonnes,958
Pesticides Use,Uttrakhand,Agricultural Use,Pesticides (total),2004,tonnes,850
Pesticides Use,Uttrakhand,Agricultural Use,Pesticides (total),2005,tonnes,831
Pesticides Use,Uttrakhand,Agricultural Use,Pesticides (total),2006,tonnes,951
Pesticides Use,Uttrakhand,Agricultural Use,Pesticides (total),2007,tonnes,920
Pesticides Use,Uttrakhand,Agricultural Use,Pesticides (total),2008,tonnes,883
Pesticides Use,Uttrakhand,Agricultural Use,Pesticides (total),2009,tonnes,815
Pesticides Use,Uttrakhand,Agricultural Use,Pesticides (total),2010,tonnes,1162
Pesticides Use,Uttrakhand,Agricultural Use,Pesticides (total),2011,tonnes,1373
Pesticides Use,Uttrakhand,Agricultural Use,Pesticides (total),2012,tonnes,1373
Pesticides Use,Uttrakhand,Agricultural Use,Pesticides (total),2013,tonnes,1373
Pesticides Use,Uttrakhand,Agricultural Use,Pesticides (total),2014,tonnes,1373
Pesticides Use,Uttrakhand,Agricultural Use,Pesticides (total),2015,tonnes,1373
Pesticides Use,Uttrakhand,Agricultural Use,Pesticides (total),2016,tonnes,1373
Pesticides Use,Uttrakhand,Agricultural Use,Pesticides (total),2017,tonnes,1373
Pesticides Use,Uttrakhand,Agricultural Use,Pesticides (total),2018,tonnes,1373
Pesticides Use,Uttar Pradesh,Agricultural Use,Pesticides (total),1990,tonnes,29568
Pesticides Use,Uttar Pradesh,Agricultural Use,Pesticides (total),1991,tonnes,29478
Pesticides Use,Uttar Pradesh,Agricultural Use,Pesticides (total),1992,tonnes,29387
Pesticides Use,Uttar Pradesh,Agricultural Use,Pesticides (total),1993,tonnes,29297
Pesticides Use,Uttar Pradesh,Agricultural Use,Pesticides (total),1994,tonnes,29206
Pesticides Use,Uttar Pradesh,Agricultural Use,Pesticides (total),1995,tonnes,32223
Pesticides Use,Uttar Pradesh,Agricultural Use,Pesticides (total),1996,tonnes,35241
Pesticides Use,Uttar Pradesh,Agricultural Use,Pesticides (total),1997,tonnes,38258
Pesticides Use,Uttar Pradesh,Agricultural Use,Pesticides (total),1998,tonnes,41276
Pesticides Use,Uttar Pradesh,Agricultural Use,Pesticides (total),1999,tonnes,44293
Pesticides Use,Uttar Pradesh,Agricultural Use,Pesticides (total),2000,tonnes,39667
Pesticides Use,Uttar Pradesh,Agricultural Use,Pesticides (total),2001,tonnes,38456
Pesticides Use,Uttar Pradesh,Agricultural Use,Pesticides (total),2002,tonnes,34226
Pesticides Use,Uttar Pradesh,Agricultural Use,Pesticides (total),2003,tonnes,35596
Pesticides Use,Uttar Pradesh,Agricultural Use,Pesticides (total),2004,tonnes,36138
Pesticides Use,Uttar Pradesh,Agricultural Use,Pesticides (total),2005,tonnes,36363
Pesticides Use,Uttar Pradesh,Agricultural Use,Pesticides (total),2006,tonnes,36573
Pesticides Use,Uttar Pradesh,Agricultural Use,Pesticides (total),2007,tonnes,45140
Pesticides Use,Uttar Pradesh,Agricultural Use,Pesticides (total),2008,tonnes,53707
Pesticides Use,Uttar Pradesh,Agricultural Use,Pesticides (total),2009,tonnes,54529
Pesticides Use,Uttar Pradesh,Agricultural Use,Pesticides (total),2010,tonnes,61050
Pesticides Use,Uttar Pradesh,Agricultural Use,Pesticides (total),2011,tonnes,62107
Pesticides Use,Uttar Pradesh,Agricultural Use,Pesticides (total),2012,tonnes,73509
Pesticides Use,Uttar Pradesh,Agricultural Use,Pesticides (total),2013,tonnes,81660
Pesticides Use,Uttar Pradesh,Agricultural Use,Pesticides (total),2014,tonnes,76314
Pesticides Use,Uttar Pradesh,Agricultural Use,Pesticides (total),2015,tonnes,75318
Pesticides Use,Uttar Pradesh,Agricultural Use,Pesticides (total),2016,tonnes,90839
Pesticides Use,Uttar Pradesh,Agricultural Use,Pesticides (total),2017,tonnes,90839
Pesticides Use,Uttar Pradesh,Agricultural Use,Pesticides (total),2018,tonnes,90839
Pesticides Use,West Bengal,Agricultural Use,Pesticides (total),1990,tonnes,96
Pesticides Use,West Bengal,Agricultural Use,Pesticides (total),1991,tonnes,96
Pesticides Use,West Bengal,Agricultural Use,Pesticides (total),1992,tonnes,96
Pesticides Use,West Bengal,Agricultural Use,Pesticides (total),1993,tonnes,96
Pesticides Use,West Bengal,Agricultural Use,Pesticides (total),1994,tonnes,2
Pesticides Use,West Bengal,Agricultural Use,Pesticides (total),1995,tonnes,23
Pesticides Use,West Bengal,Agricultural Use,Pesticides (total),1996,tonnes,23
Pesticides Use,West Bengal,Agricultural Use,Pesticides (total),1997,tonnes,23
Pesticides Use,West Bengal,Agricultural Use,Pesticides (total),1998,tonnes,23
Pesticides Use,West Bengal,Agricultural Use,Pesticides (total),1999,tonnes,23
Pesticides Use,West Bengal,Agricultural Use,Pesticides (total),2000,tonnes,23
Pesticides Use,West Bengal,Agricultural Use,Pesticides (total),2001,tonnes,23
Pesticides Use,West Bengal,Agricultural Use,Pesticides (total),2002,tonnes,23
Pesticides Use,West Bengal,Agricultural Use,Pesticides (total),2003,tonnes,23
Pesticides Use,West Bengal,Agricultural Use,Pesticides (total),2004,tonnes,23
Pesticides Use,West Bengal,Agricultural Use,Pesticides (total),2005,tonnes,23
Pesticides Use,West Bengal,Agricultural Use,Pesticides (total),2006,tonnes,23
Pesticides Use,West Bengal,Agricultural Use,Pesticides (total),2007,tonnes,23
Pesticides Use,West Bengal,Agricultural Use,Pesticides (total),2008,tonnes,23
Pesticides Use,West Bengal,Agricultural Use,Pesticides (total),2009,tonnes,23
Pesticides Use,West Bengal,Agricultural Use,Pesticides (total),2010,tonnes,23
Pesticides Use,West Bengal,Agricultural Use,Pesticides (total),2011,tonnes,23
Pesticides Use,West Bengal,Agricultural Use,Pesticides (total),2012,tonnes,23
Pesticides Use,West Bengal,Agricultural Use,Pesticides (total),2013,tonnes,23
Pesticides Use,West Bengal,Agricultural Use,Pesticides (total),2014,tonnes,23
Pesticides Use,West Bengal,Agricultural Use,Pesticides (total),2015,tonnes,23
Pesticides Use,West Bengal,Agricultural Use,Pesticides (total),2016,tonnes,23
Pesticides Use,West Bengal,Agricultural Use,Pesticides (total),2017,tonnes,23
Pesticides Use,West Bengal,Agricultural Use,Pesticides (total),2018,tonnes,23
Pesticides Use,Daman and Diu,Agricultural Use,Pesticides (total),1990,tonnes,68
Pesticides Use,Daman and Diu,Agricultural Use,Pesticides (total),1991,tonnes,60
Pesticides Use,Daman and Diu,Agricultural Use,Pesticides (total),1992,tonnes,45
Pesticides Use,Daman and Diu,Agricultural Use,Pesticides (total),1993,tonnes,5
Pesticides Use,Daman and Diu,Agricultural Use,Pesticides (total),1994,tonnes,15
Pesticides Use,Daman and Diu,Agricultural Use,Pesticides (total),1995,tonnes,2
Pesticides Use,Daman and Diu,Agricultural Use,Pesticides (total),1996,tonnes,87
Pesticides Use,Daman and Diu,Agricultural Use,Pesticides (total),1997,tonnes,42
Pesticides Use,Daman and Diu,Agricultural Use,Pesticides (total),1998,tonnes,42
Pesticides Use,Daman and Diu,Agricultural Use,Pesticides (total),1999,tonnes,42
Pesticides Use,Daman and Diu,Agricultural Use,Pesticides (total),2000,tonnes,42
Pesticides Use,Daman and Diu,Agricultural Use,Pesticides (total),2001,tonnes,42
Pesticides Use,Daman and Diu,Agricultural Use,Pesticides (total),2002,tonnes,42
Pesticides Use,Daman and Diu,Agricultural Use,Pesticides (total),2003,tonnes,42
Pesticides Use,Daman and Diu,Agricultural Use,Pesticides (total),2004,tonnes,42
Pesticides Use,Daman and Diu,Agricultural Use,Pesticides (total),2005,tonnes,42
Pesticides Use,Daman and Diu,Agricultural Use,Pesticides (total),2006,tonnes,42
Pesticides Use,Daman and Diu,Agricultural Use,Pesticides (total),2007,tonnes,42
Pesticides Use,Daman and Diu,Agricultural Use,Pesticides (total),2008,tonnes,42
Pesticides Use,Daman and Diu,Agricultural Use,Pesticides (total),2009,tonnes,42
Pesticides Use,Daman and Diu,Agricultural Use,Pesticides (total),2010,tonnes,42
Pesticides Use,Daman and Diu,Agricultural Use,Pesticides (total),2011,tonnes,42
Pesticides Use,Daman and Diu,Agricultural Use,Pesticides (total),2012,tonnes,42
Pesticides Use,Daman and Diu,Agricultural Use,Pesticides (total),2013,tonnes,42
Pesticides Use,Daman and Diu,Agricultural Use,Pesticides (total),2014,tonnes,42
Pesticides Use,Daman and Diu,Agricultural Use,Pesticides (total),2015,tonnes,42
Pesticides Use,Daman and Diu,Agricultural Use,Pesticides (total),2016,tonnes,42
Pesticides Use,Daman and Diu,Agricultural Use,Pesticides (total),2017,tonnes,42
Pesticides Use,Daman and Diu,Agricultural Use,Pesticides (total),2018,tonnes,42
Pesticides Use,Delhi,Agricultural Use,Pesticides (total),1990,tonnes,15373
Pesticides Use,Delhi,Agricultural Use,Pesticides (total),1991,tonnes,15373
Pesticides Use,Delhi,Agricultural Use,Pesticides (total),1992,tonnes,15373
Pesticides Use,Delhi,Agricultural Use,Pesticides (total),1993,tonnes,15373
Pesticides Use,Delhi,Agricultural Use,Pesticides (total),1994,tonnes,15373
Pesticides Use,Delhi,Agricultural Use,Pesticides (total),1995,tonnes,15373
Pesticides Use,Delhi,Agricultural Use,Pesticides (total),1996,tonnes,15373
Pesticides Use,Delhi,Agricultural Use,Pesticides (total),1997,tonnes,15373
Pesticides Use,Delhi,Agricultural Use,Pesticides (total),1998,tonnes,15373
Pesticides Use,Delhi,Agricultural Use,Pesticides (total),1999,tonnes,15373
Pesticides Use,Delhi,Agricultural Use,Pesticides (total),2000,tonnes,14265
Pesticides Use,Delhi,Agricultural Use,Pesticides (total),2001,tonnes,13156
Pesticides Use,Delhi,Agricultural Use,Pesticides (total),2002,tonnes,12048
Pesticides Use,Delhi,Agricultural Use,Pesticides (total),2003,tonnes,10939
Pesticides Use,Delhi,Agricultural Use,Pesticides (total),2004,tonnes,9831
Pesticides Use,Delhi,Agricultural Use,Pesticides (total),2005,tonnes,9831
Pesticides Use,Delhi,Agricultural Use,Pesticides (total),2006,tonnes,9831
Pesticides Use,Delhi,Agricultural Use,Pesticides (total),2007,tonnes,9831
Pesticides Use,Delhi,Agricultural Use,Pesticides (total),2008,tonnes,9831
Pesticides Use,Delhi,Agricultural Use,Pesticides (total),2009,tonnes,9831
Pesticides Use,Delhi,Agricultural Use,Pesticides (total),2010,tonnes,9831
Pesticides Use,Delhi,Agricultural Use,Pesticides (total),2011,tonnes,9831
Pesticides Use,Delhi,Agricultural Use,Pesticides (total),2012,tonnes,9831
Pesticides Use,Delhi,Agricultural Use,Pesticides (total),2013,tonnes,9831
Pesticides Use,Delhi,Agricultural Use,Pesticides (total),2014,tonnes,9831
Pesticides Use,Delhi,Agricultural Use,Pesticides (total),2015,tonnes,9831
Pesticides Use,Delhi,Agricultural Use,Pesticides (total),2016,tonnes,9831
Pesticides Use,Delhi,Agricultural Use,Pesticides (total),2017,tonnes,9831
Pesticides Use,Delhi,Agricultural Use,Pesticides (total),2018,tonnes,9831
Pesticides Use,Punjab,Agricultural Use,Pesticides (total),1990,tonnes,775408
Pesticides Use,Punjab,Agricultural Use,Pesticides (total),1991,tonnes,775388
Pesticides Use,Punjab,Agricultural Use,Pesticides (total),1992,tonnes,809244
Pesticides Use,Punjab,Agricultural Use,Pesticides (total),1993,tonnes,854860
Pesticides Use,Punjab,Agricultural Use,Pesticides (total),1994,tonnes,988608
Pesticides Use,Punjab,Agricultural Use,Pesticides (total),1995,tonnes,1097075
Pesticides Use,Punjab,Agricultural Use,Pesticides (total),1996,tonnes,1150843
Pesticides Use,Punjab,Agricultural Use,Pesticides (total),1997,tonnes,1204908
Pesticides Use,Punjab,Agricultural Use,Pesticides (total),1998,tonnes,1240708
Pesticides Use,Punjab,Agricultural Use,Pesticides (total),1999,tonnes,1333140
Pesticides Use,Punjab,Agricultural Use,Pesticides (total),2000,tonnes,1288619
Pesticides Use,Punjab,Agricultural Use,Pesticides (total),2001,tonnes,1283381
Pesticides Use,Punjab,Agricultural Use,Pesticides (total),2002,tonnes,1322948
Pesticides Use,Punjab,Agricultural Use,Pesticides (total),2003,tonnes,1335503
Pesticides Use,Punjab,Agricultural Use,Pesticides (total),2004,tonnes,1395814
Pesticides Use,Punjab,Agricultural Use,Pesticides (total),2005,tonnes,1469312
Pesticides Use,Punjab,Agricultural Use,Pesticides (total),2006,tonnes,1546109
Pesticides Use,Punjab,Agricultural Use,Pesticides (total),2007,tonnes,1632585
Pesticides Use,Punjab,Agricultural Use,Pesticides (total),2008,tonnes,1681188
Pesticides Use,Punjab,Agricultural Use,Pesticides (total),2009,tonnes,1717643
Pesticides Use,Punjab,Agricultural Use,Pesticides (total),2010,tonnes,1765901
Pesticides Use,Punjab,Agricultural Use,Pesticides (total),2011,tonnes,1795329
Pesticides Use,Punjab,Agricultural Use,Pesticides (total),2012,tonnes,1815464
Pesticides Use,Punjab,Agricultural Use,Pesticides (total),2013,tonnes,1811564
Pesticides Use,Punjab,Agricultural Use,Pesticides (total),2014,tonnes,1815690
Pesticides Use,Punjab,Agricultural Use,Pesticides (total),2015,tonnes,1772421
Pesticides Use,Punjab,Agricultural Use,Pesticides (total),2016,tonnes,1772641
Pesticides Use,Punjab,Agricultural Use,Pesticides (total),2017,tonnes,1773679
Pesticides Use,Punjab,Agricultural Use,Pesticides (total),2018,tonnes,1773689
Pesticides Use,Lakshadweep,Agricultural Use,Pesticides (total),1990,tonnes,18058
Pesticides Use,Lakshadweep,Agricultural Use,Pesticides (total),1991,tonnes,16817
Pesticides Use,Lakshadweep,Agricultural Use,Pesticides (total),1992,tonnes,15306
Pesticides Use,Lakshadweep,Agricultural Use,Pesticides (total),1993,tonnes,14962
Pesticides Use,Lakshadweep,Agricultural Use,Pesticides (total),1994,tonnes,17051
Pesticides Use,Lakshadweep,Agricultural Use,Pesticides (total),1995,tonnes,20156
Pesticides Use,Lakshadweep,Agricultural Use,Pesticides (total),1996,tonnes,18131
Pesticides Use,Lakshadweep,Agricultural Use,Pesticides (total),1997,tonnes,16005
Pesticides Use,Lakshadweep,Agricultural Use,Pesticides (total),1998,tonnes,60687
Pesticides Use,Lakshadweep,Agricultural Use,Pesticides (total),1999,tonnes,66088
Pesticides Use,Lakshadweep,Agricultural Use,Pesticides (total),2000,tonnes,75843
Pesticides Use,Lakshadweep,Agricultural Use,Pesticides (total),2001,tonnes,85515
Pesticides Use,Lakshadweep,Agricultural Use,Pesticides (total),2002,tonnes,84023
Pesticides Use,Lakshadweep,Agricultural Use,Pesticides (total),2003,tonnes,88772
Pesticides Use,Lakshadweep,Agricultural Use,Pesticides (total),2004,tonnes,105514
Pesticides Use,Lakshadweep,Agricultural Use,Pesticides (total),2005,tonnes,117881
Pesticides Use,Lakshadweep,Agricultural Use,Pesticides (total),2006,tonnes,98329
Pesticides Use,Lakshadweep,Agricultural Use,Pesticides (total),2007,tonnes,82439
Pesticides Use,Lakshadweep,Agricultural Use,Pesticides (total),2008,tonnes,48539
Pesticides Use,Lakshadweep,Agricultural Use,Pesticides (total),2009,tonnes,51435
Pesticides Use,Lakshadweep,Agricultural Use,Pesticides (total),2010,tonnes,48618
Pesticides Use,Lakshadweep,Agricultural Use,Pesticides (total),2011,tonnes,53797
Pesticides Use,Lakshadweep,Agricultural Use,Pesticides (total),2012,tonnes,48728
Pesticides Use,Lakshadweep,Agricultural Use,Pesticides (total),2013,tonnes,54563
Pesticides Use,Lakshadweep,Agricultural Use,Pesticides (total),2014,tonnes,73744
Pesticides Use,Lakshadweep,Agricultural Use,Pesticides (total),2015,tonnes,33689
Pesticides Use,Lakshadweep,Agricultural Use,Pesticides (total),2016,tonnes,32392
Pesticides Use,Lakshadweep,Agricultural Use,Pesticides (total),2017,tonnes,37698
Pesticides Use,Lakshadweep,Agricultural Use,Pesticides (total),2018,tonnes,37773
Pesticides Use,Pondicherry,Agricultural Use,Pesticides (total),1990,tonnes,87
Pesticides Use,Pondicherry,Agricultural Use,Pesticides (total),1991,tonnes,87
Pesticides Use,Pondicherry,Agricultural Use,Pesticides (total),1992,tonnes,87
Pesticides Use,Pondicherry,Agricultural Use,Pesticides (total),1993,tonnes,87
Pesticides Use,Pondicherry,Agricultural Use,Pesticides (total),1994,tonnes,87
Pesticides Use,Pondicherry,Agricultural Use,Pesticides (total),1995,tonnes,87
Pesticides Use,Pondicherry,Agricultural Use,Pesticides (total),1996,tonnes,87
Pesticides Use,Pondicherry,Agricultural Use,Pesticides (total),1997,tonnes,87
Pesticides Use,Pondicherry,Agricultural Use,Pesticides (total),1998,tonnes,87
Pesticides Use,Pondicherry,Agricultural Use,Pesticides (total),1999,tonnes,87
Pesticides Use,Pondicherry,Agricultural Use,Pesticides (total),2000,tonnes,87
Pesticides Use,Pondicherry,Agricultural Use,Pesticides (total),2001,tonnes,87
Pesticides Use,Pondicherry,Agricultural Use,Pesticides (total),2002,tonnes,87
Pesticides Use,Pondicherry,Agricultural Use,Pesticides (total),2003,tonnes,87
Pesticides Use,Pondicherry,Agricultural Use,Pesticides (total),2004,tonnes,87
Pesticides Use,Pondicherry,Agricultural Use,Pesticides (total),2005,tonnes,87
Pesticides Use,Pondicherry,Agricultural Use,Pesticides (total),2006,tonnes,87
Pesticides Use,Pondicherry,Agricultural Use,Pesticides (total),2007,tonnes,96
Pesticides Use,Pondicherry,Agricultural Use,Pesticides (total),2008,tonnes,96
Pesticides Use,Pondicherry,Agricultural Use,Pesticides (total),2009,tonnes,96
Pesticides Use,Pondicherry,Agricultural Use,Pesticides (total),2010,tonnes,96
Pesticides Use,Pondicherry,Agricultural Use,Pesticides (total),2011,tonnes,96
Pesticides Use,Pondicherry,Agricultural Use,Pesticides (total),2012,tonnes,96
Pesticides Use,Pondicherry,Agricultural Use,Pesticides (total),2013,tonnes,96
Pesticides Use,Pondicherry,Agricultural Use,Pesticides (total),2014,tonnes,96
Pesticides Use,Pondicherry,Agricultural Use,Pesticides (total),2015,tonnes,96
Pesticides Use,Pondicherry,Agricultural Use,Pesticides (total),2016,tonnes,96
Pesticides Use,Pondicherry,Agricultural Use,Pesticides (total),2017,tonnes,96
Pesticides Use,Pondicherry,Agricultural Use,Pesticides (total),2018,tonnes,96
